time_period_value,cardholder_location,merchant_location,cardholder_index_spend,merchant_index_spend
2019Q1,PO40,PO30,18.94086269602284,0.07747490977443534
2019Q1,PO40,PO31,2.812516410889568,0.06641135865793604
2019Q1,PO40,PO33,1.179653290278608,0.046381882043301716
2019Q1,PO40,PO36,0.30530567551411475,0.007809580988902326
2019Q1,PO40,PO38,0.10738950932138526,0.007539742251896587
2019Q1,PO40,SO14,0.3669782175120253,0.0016660422348317575
2019Q1,PO40,UNKNOWN,76.28729420046146,0.0011433710123133567
2019Q2,PO40,PO30,0.4913289049537142,0.002009711130467889
2019Q2,PO40,UNKNOWN,8.553577992927254,0.00012819845337515358
2019Q3,PO40,PO30,13.531668128516117,0.055349367353500864
2019Q3,PO40,PO31,0.978975066621228,0.02311633241137095
2019Q3,PO40,PO33,0.6083587993094856,0.0239195925634328
2019Q3,PO40,PO36,0.2495863059157416,0.0063843047348781535
2019Q3,PO40,PO37,0.1438549249428761,0.014653309979088472
2019Q3,PO40,PO38,0.301721257898177,0.021183638242187733
2019Q3,PO40,UNKNOWN,69.0904540299558,0.0010355069372081902
2019Q4,PO40,PO30,19.263424526668047,0.0787943031477457
2019Q4,PO40,PO31,1.5480795767526827,0.03655447755066808
2019Q4,PO40,PO33,1.148658357402638,0.045163216073867786
2019Q4,PO40,PO36,0.18542433672072714,0.004743070604552411
2019Q4,PO40,PO38,0.2454298116728213,0.017231455219770653
2019Q4,PO40,SO15,0.20536210104079955,0.00039762832816393073
2019Q4,PO40,UNKNOWN,83.36175913562796,0.001249400964211267
2020Q1,PO40,PO30,45.40805041425275,0.18573518352022805
2020Q1,PO40,PO31,5.662740716324854,0.1337131059014161
2020Q1,PO40,PO33,2.830156930004413,0.11127676748182087
2020Q1,PO40,PO36,0.9898892160203799,0.02532091809146467
2020Q1,PO40,PO37,0.17719179651055605,0.018049061031812277
2020Q1,PO40,PO38,0.7880042682279591,0.0553252278865758
2020Q1,PO40,PO39,18.340222461828965,N/A
2020Q1,PO40,SO14,0.7774655441152644,0.003529611216175356
2020Q1,PO40,SO15,0.6755331094934551,0.0013079876938632356
2020Q1,PO40,SO41,0.570592803231339,0.005084439799724001
2020Q1,PO40,UNKNOWN,179.654179768376,0.0026926027923907057
2020Q2,PO40,BH24,0.19008586736090546,0.0018685656903600074
2020Q2,PO40,PO3,0.1486237199506137,0.0008240643024665758
2020Q2,PO40,PO30,241.7280021452873,0.9887540740207724
2020Q2,PO40,PO31,43.25809259373062,1.021444245081509
2020Q2,PO40,PO35,0.4490756828326731,0.2656967791534052
2020Q2,PO40,PO36,9.5029078699643,0.24308008200500186
2020Q2,PO40,PO37,1.068960932306128,0.1088861983893642
2020Q2,PO40,PO38,4.195896020603697,0.294590921506432
2020Q2,PO40,PO39,91.13647714766168,N/A
2020Q2,PO40,SO14,0.5257294814996899,0.0023867561573895947
2020Q2,PO40,SO15,1.1203405643670004,0.002169237377908308
2020Q2,PO40,SO16,0.3679748822605965,0.0019035510713909
2020Q2,PO40,UNKNOWN,889.2664927345153,0.013328058632443414
2020Q3,PO40,BA1,0.3669960949066185,0.0007850875372749388
2020Q3,PO40,BH1,0.5809840388386397,0.0034380143283786434
2020Q3,PO40,BH19,0.21194545159974745,0.006978333164334414
2020Q3,PO40,BH20,0.4123957384760638,0.00871969865382196
2020Q3,PO40,BH23,0.4446063341843717,0.0016210896460147801
2020Q3,PO40,BH24,0.2875668307290066,0.002826814644592029
2020Q3,PO40,BH25,0.1483332122884741,0.003967113196978512
2020Q3,PO40,BN1,0.7826276418040525,0.001067626097599082
2020Q3,PO40,BN2,0.13575646519215406,0.00048414871604531056
2020Q3,PO40,DT1,0.299629602730772,0.0016519100865869634
2020Q3,PO40,DT2,0.11706564914495772,0.003694297646860465
2020Q3,PO40,DT4,0.6946529830108884,0.004256942691290409
2020Q3,PO40,DT6,0.351831594942932,0.003669784030592221
2020Q3,PO40,EX1,0.181299127918345,0.0009598846475206604
2020Q3,PO40,EX14,0.2447057771917965,0.002674633955970243
2020Q3,PO40,EX20,0.19303116812013607,0.002918447992089132
2020Q3,PO40,EX4,0.6179053280222573,0.001802603181387911
2020Q3,PO40,GU51,0.16953580227601578,0.0013634469279236727
2020Q3,PO40,NW1,0.532522891445108,0.001169723705829356
2020Q3,PO40,OX26,0.09138477181181806,0.0002213064717984149
2020Q3,PO40,OX4,0.11561311083425978,0.0003524348914046158
2020Q3,PO40,PL1,0.40728280362240704,0.0010379188947878878
2020Q3,PO40,PL28,0.3739638094493203,0.0234320272840394
2020Q3,PO40,PL6,0.39111716956150105,0.0014902140043413206
2020Q3,PO40,PO18,0.04555607077213584,0.002344546023137229
2020Q3,PO40,PO19,0.3180746046023117,0.000878546450772082
2020Q3,PO40,PO3,0.3082152214841589,0.0017089409522673964
2020Q3,PO40,PO30,277.88142147633755,1.1366345029992575
2020Q3,PO40,PO31,51.33229271998972,1.2120986350025074
2020Q3,PO40,PO33,19.955074107387272,0.7845982383481382
2020Q3,PO40,PO34,0.5838354832762559,0.9107151795809499
2020Q3,PO40,PO35,1.615633781571758,0.9558938692634554
2020Q3,PO40,PO36,13.506590613250502,0.3454924743881848
2020Q3,PO40,PO37,4.270632468700592,0.4350139656009644
2020Q3,PO40,PO38,11.680338776627538,0.8200684065614535
2020Q3,PO40,PO39,89.24980865601098,N/A
2020Q3,PO40,PO40,273.76064179846594,63.36057353101085
2020Q3,PO40,PO41,56.931966457538394,20.41842669337165
2020Q3,PO40,PO5,0.09023167986055633,0.001229265795007843
2020Q3,PO40,SE1,0.26778549361162474,0.00035429267306210147
2020Q3,PO40,SO14,3.9013212511941537,0.01771158522759774
2020Q3,PO40,SO15,4.270891690922194,0.008269430017631276
2020Q3,PO40,SO16,0.5050140505148131,0.002612461021848041
2020Q3,PO40,SO21,0.4043240948172315,0.006787960862829346
2020Q3,PO40,SO23,0.3557378056615473,0.0015313745430581918
2020Q3,PO40,SO31,0.1958066336307312,0.0017683139092284992
2020Q3,PO40,SO41,3.5485332156404845,0.03162027878737557
2020Q3,PO40,SO42,0.5599244680078437,0.030459417248639768
2020Q3,PO40,SO50,0.4898361425051816,0.0025663524130410077
2020Q3,PO40,SO51,0.9501567065369808,0.009757394386475186
2020Q3,PO40,SP1,0.32283893026140104,0.0012787498949524327
2020Q3,PO40,SP2,0.2269088308742604,0.0013669501610885724
2020Q3,PO40,SW1W,0.3000407828064157,0.0028429037579022266
2020Q3,PO40,TR11,0.4484589127192075,0.005815122667814353
2020Q3,PO40,TR19,0.12263892690938953,0.013068096752054566
2020Q3,PO40,TW6,0.3603948669530774,0.0010808384819273398
2020Q3,PO40,TW9,0.593238992832282,0.002291798031882524
2020Q3,PO40,UNKNOWN,652.4181656675811,0.009778247168798564
2020Q3,PO40,W1D,0.4837488896461951,0.0012349814156385544
2020Q4,PO40,BH21,0.17199394403258153,0.0015010707635181141
2020Q4,PO40,BH24,0.11057615490762414,0.001086976176087958
2020Q4,PO40,BH8,0.4905110141510751,0.0018778741086096144
2020Q4,PO40,CV34,0.05464225657413252,0.0002748582421426331
2020Q4,PO40,GU51,0.10792136181053312,0.0008679290583020832
2020Q4,PO40,NP19,66.64229679827037,0.3122341129216181
2020Q4,PO40,PO3,0.3968870986664581,0.0022005941597292612
2020Q4,PO40,PO30,274.9002944183422,1.124440626006906
2020Q4,PO40,PO31,41.87328726179768,0.9887451279441511
2020Q4,PO40,PO33,9.23403632463114,0.3630659848297051
2020Q4,PO40,PO34,0.07465599982122605,0.11645464215783535
2020Q4,PO40,PO35,0.4383760621686397,0.2593663211542884
2020Q4,PO40,PO36,11.753403688329973,0.3006467463950983
2020Q4,PO40,PO37,2.2098426230607213,0.22509836888496665
2020Q4,PO40,PO38,6.190968563718943,0.4346635677451584
2020Q4,PO40,PO39,76.18541092867477,N/A
2020Q4,PO40,PO40,252.85916076805756,58.52302706328614
2020Q4,PO40,PO41,41.92489036129096,15.036197653705225
2020Q4,PO40,PO5,0.15528304943658272,0.002115489166464535
2020Q4,PO40,PO6,0.2344173366034067,0.0010491651549623675
2020Q4,PO40,SE1,0.13288267401129625,0.00017580996320652915
2020Q4,PO40,SO14,3.1582026514410853,0.014337905500579394
2020Q4,PO40,SO15,3.669196690447325,0.007104409909778537
2020Q4,PO40,SO16,0.4476812460544031,0.002315875774817051
2020Q4,PO40,SO19,0.10344754381358344,0.0014006476992898926
2020Q4,PO40,SO41,2.7057213249384064,0.024110148451874484
2020Q4,PO40,SO42,0.4350017039391721,0.023663724593594476
2020Q4,PO40,SO51,0.2368263155248412,0.002432028049450755
2020Q4,PO40,UNKNOWN,539.0736690782527,0.008079473956775213
2021Q1,PO40,BH24,0.1308223042844293,0.0012859981266024256
2021Q1,PO40,PO30,216.41930535148632,0.8852324429273799
2021Q1,PO40,PO31,50.07106040883366,1.1823174216226109
2021Q1,PO40,PO33,5.174625273049268,0.2034571182997119
2021Q1,PO40,PO35,0.31520081342145395,0.18648936941842476
2021Q1,PO40,PO36,4.891179181773995,0.12511414957148767
2021Q1,PO40,PO37,1.3579758319971842,0.13832575296443286
2021Q1,PO40,PO38,3.2194550746660555,0.2260356864272283
2021Q1,PO40,PO39,66.47752085230478,N/A
2021Q1,PO40,PO40,253.78974172751492,58.73840551550232
2021Q1,PO40,SO14,0.5910937054810974,0.002683502810469786
2021Q1,PO40,SO16,0.20688167958122197,0.001070208489228054
2021Q1,PO40,SO21,0.13770063185416515,0.002311775409366748
2021Q1,PO40,SO40,0.25779649938267113,0.0018722857905641786
2021Q1,PO40,SO41,1.3102119029927874,0.011675039551712956
2021Q1,PO40,UNKNOWN,545.0507116432118,0.008169056072378627
2021Q2,PO40,BA12,0.23577601859249034,0.0022797581639938023
2021Q2,PO40,BH1,0.06541338681653883,0.00038708836406691003
2021Q2,PO40,BH2,0.3621423822745632,0.0041553957925839
2021Q2,PO40,BH21,0.47332189924970797,0.004130899309815304
2021Q2,PO40,BH23,0.6396084850584087,0.0023320915895935343
2021Q2,PO40,BH24,0.25273719671279404,0.002484435381819568
2021Q2,PO40,BH8,0.14946842684514264,0.0005722254561661169
2021Q2,PO40,BN1,0.6212439314625384,0.0008474735605754669
2021Q2,PO40,CV34,0.08145834846394072,0.00040974695904561024
2021Q2,PO40,DT1,0.10250451124879187,0.0005651251895984848
2021Q2,PO40,DT4,0.35764621753437204,0.0021917122491889453
2021Q2,PO40,DT6,0.12422554567953653,0.0012957361711653913
2021Q2,PO40,GU51,0.1130387660128382,0.0009090844304707124
2021Q2,PO40,NP19,47.63803639167136,0.22319488896228007
2021Q2,PO40,OX26,0.07797672586691395,0.00018883621134968188
2021Q2,PO40,PO12,0.11513042118024325,0.0009061643095293287
2021Q2,PO40,PO3,0.27078442655463497,0.0015014008508312511
2021Q2,PO40,PO30,232.15210087319898,0.949585209382958
2021Q2,PO40,PO31,42.820243914702466,1.0111054162845443
2021Q2,PO40,PO33,12.139488371313483,0.4773032231964651
2021Q2,PO40,PO34,0.3339676083956714,0.5209504717793396
2021Q2,PO40,PO35,1.0276373347039336,0.608004263883423
2021Q2,PO40,PO36,17.402638033039658,0.4451516039153746
2021Q2,PO40,PO37,2.880629284289681,0.2934258514562368
2021Q2,PO40,PO38,10.777861081470638,0.7567060795281394
2021Q2,PO40,PO39,76.59224679743235,N/A
2021Q2,PO40,PO40,223.04042190651242,51.62162449560145
2021Q2,PO40,PO5,0.1509924747342134,0.0020570367833248285
2021Q2,PO40,PO6,0.04691028341257116,0.00020995304988531956
2021Q2,PO40,SE1,0.16249210880629286,0.0002149846237151816
2021Q2,PO40,SO14,4.852729375352659,0.022030877332062184
2021Q2,PO40,SO15,5.183085750040503,0.010035647819504185
2021Q2,PO40,SO16,0.27471298401649186,0.0014211029618028375
2021Q2,PO40,SO19,0.06574858796516142,0.0008902155147435243
2021Q2,PO40,SO21,0.4872215735459254,0.008179678171915178
2021Q2,PO40,SO23,0.15970770459840106,0.0006875072293691994
2021Q2,PO40,SO30,0.12305457633368155,0.00042800131363641205
2021Q2,PO40,SO40,0.3114108057676944,0.0022616677420492066
2021Q2,PO40,SO41,2.904589462393224,0.02588222315601741
2021Q2,PO40,SO42,0.3573423018262876,0.019439118834442128
2021Q2,PO40,SO45,0.10574925836745866,N/A
2021Q2,PO40,SO50,0.14426610501851986,0.0007558398301129636
2021Q2,PO40,SP2,0.243601848075666,0.0014675126754014702
2021Q2,PO40,TR11,0.17399174287837224,0.002256133838191893
2021Q2,PO40,UNKNOWN,493.2808304049789,0.0073931446687946906
2021Q3,PO40,BA1,0.6857411018061754,0.0014669550992421321
2021Q3,PO40,BA12,0.2443616373458773,0.0023627739624741467
2021Q3,PO40,BA2,0.3312234283256144,0.0015919567558418009
2021Q3,PO40,BH1,0.3506695642943736,0.002075112061564213
2021Q3,PO40,BH12,0.10473471622429424,0.00035097193762760717
2021Q3,PO40,BH19,0.4225411599077079,0.013912225845019277
2021Q3,PO40,BH2,0.5253674642591775,0.006028318853019261
2021Q3,PO40,BH20,0.2307971641982826,0.0048799770080128965
2021Q3,PO40,BH21,0.5002184394151856,0.004365637865927145
2021Q3,PO40,BH22,0.2993882579037637,0.002448527385862811
2021Q3,PO40,BH23,0.5679290714369514,0.0020707395882386247
2021Q3,PO40,BH24,0.4886562344620299,0.00480354634867535
2021Q3,PO40,BH25,0.4205344223646206,0.01124702708859258
2021Q3,PO40,BH8,0.4135398917300289,0.0015831975901724866
2021Q3,PO40,BN1,0.9620049498036276,0.001312324706628487
2021Q3,PO40,BN2,0.25272378866684914,0.0009012896558847119
2021Q3,PO40,BN3,0.13359330044637618,0.0004245108524918424
2021Q3,PO40,BS1,0.99362559149036,0.0014831085786714026
2021Q3,PO40,BS8,0.28766962574791755,0.0016872520587026894
2021Q3,PO40,CF10,0.23206645921440025,0.00044631474841908263
2021Q3,PO40,CV34,0.3369486639440884,0.001694899209338725
2021Q3,PO40,DT6,0.3826969167081012,0.003991725171015614
2021Q3,PO40,E15,0.124855723838947,0.00038765288246652997
2021Q3,PO40,EX1,0.12260764146885142,0.0006491437331550419
2021Q3,PO40,EX2,0.1672877199059202,0.0003677405069983705
2021Q3,PO40,EX4,0.9087258445672272,0.002651008211353853
2021Q3,PO40,GU1,0.6279434850863421,0.0011917599726636882
2021Q3,PO40,GU51,0.247056654580803,0.001986887915054564
2021Q3,PO40,KT11,0.13256535025726687,0.0011358111164176394
2021Q3,PO40,LE4,0.04305323552908708,9.875061523258118e-05
2021Q3,PO40,NW1,0.18655955127739568,0.0004097910778743514
2021Q3,PO40,OX1,0.2002491661871428,0.0005835386812781648
2021Q3,PO40,OX26,0.05916076805756521,0.00014326961251995982
2021Q3,PO40,OX4,0.2077174477784544,0.000633205660001582
2021Q3,PO40,PO12,0.5305027458560757,0.004175461615392557
2021Q3,PO40,PO16,0.13126923914925945,0.0007110235601039758
2021Q3,PO40,PO19,0.5302658703777158,0.0014646349996045086
2021Q3,PO40,PO3,0.589516025408247,0.0032686512787618413
2021Q3,PO40,PO30,227.05710598501648,0.9287448561425518
2021Q3,PO40,PO31,48.12215623725536,1.1362983571906646
2021Q3,PO40,PO33,10.515063380950515,0.4134337041503969
2021Q3,PO40,PO34,0.3066464801086051,0.4783327019331442
2021Q3,PO40,PO35,0.9767984938295056,0.5779253333320642
2021Q3,PO40,PO36,9.010336486086358,0.2304803289583781
2021Q3,PO40,PO37,2.86958105443108,0.2923004597680301
2021Q3,PO40,PO38,17.13059771951485,1.2027272704965124
2021Q3,PO40,PO39,77.48618356732234,N/A
2021Q3,PO40,PO40,234.39064565327908,54.248578763300216
2021Q3,PO40,PO41,45.92173500114528,16.469650322945572
2021Q3,PO40,PO5,0.2404509572786136,0.0032757689717877038
2021Q3,PO40,RG1,0.2474052637753705,0.0004332505774547649
2021Q3,PO40,RG14,0.22347190176371667,0.0005580792207359773
2021Q3,PO40,RG2,0.1006497315597468,0.00030499845077179317
2021Q3,PO40,RG20,0.06559663011111919,0.0037324226245864407
2021Q3,PO40,SE1,0.3113929283731012,0.00041198733911235386
2021Q3,PO40,SL4,0.3016095241819695,0.0014000176681038898
2021Q3,PO40,SN14,0.3206757655156231,0.001781740166572009
2021Q3,PO40,SN2,0.2615105281094096,0.0014626493661297304
2021Q3,PO40,SO14,5.411858299301106,0.024569263420287216
2021Q3,PO40,SO15,4.265801102811778,0.008259573466546842
2021Q3,PO40,SO16,0.21902936920730512,0.0011330490490526742
2021Q3,PO40,SO21,0.4633775985072375,0.007779375614012819
2021Q3,PO40,SO22,0.23157930021173534,0.0033687782179589467
2021Q3,PO40,SO23,0.36316586311502425,0.0015633507286296814
2021Q3,PO40,SO31,0.10909233115638807,0.0009852040403176927
2021Q3,PO40,SO41,4.667814544377838,0.04159397369325552
2021Q3,PO40,SO42,0.4395917250009776,0.02391341785525708
2021Q3,PO40,SO43,0.35481711983999725,0.022748967258580808
2021Q3,PO40,SO51,0.6029553567936892,0.006191897792435256
2021Q3,PO40,SP1,0.3951887461801035,0.0015653241300701054
2021Q3,PO40,SP2,0.3688642826416085,0.0022221219360835545
2021Q3,PO40,SP5,0.09785638865455844,0.0054021336841584295
2021Q3,PO40,SW11,0.18911154935557575,0.0007773789614877771
2021Q3,PO40,SW7,0.08017117605322993,0.0004151286619907025
2021Q3,PO40,TQ6,0.4615138801208958,0.013121281903726285
2021Q3,PO40,TR11,0.4778225333385474,0.006195877851911983
2021Q3,PO40,TW6,0.27758677519734964,0.0008324937345638498
2021Q3,PO40,UNKNOWN,567.2270437158163,0.008501428265113938
2021Q3,PO40,W1D,0.4703453130499394,0.001200762901955618
2021Q3,PO40,W1F,0.205160980351626,0.0009516410778227947
2021Q3,PO40,WC2H,0.15482717587445596,0.0006735726653842517
2021Q4,PO40,BA12,0.5227350179053278,0.0050544132172103545
2021Q4,PO40,BA16,0.3424012692950161,0.0047843970979997465
2021Q4,PO40,BH1,0.2864539629155795,0.0016951116779270606
2021Q4,PO40,BH2,0.5308021922155121,0.006090679534311926
2021Q4,PO40,BH23,0.3948043821963496,0.0014395055737428165
2021Q4,PO40,BH8,0.2209824745666128,0.0008460100904427679
2021Q4,PO40,BN1,0.5411844891255161,0.0007382600017479165
2021Q4,PO40,BN3,0.0912328139577758,0.0002899046546424
2021Q4,PO40,BS1,0.24168449750554474,0.00036074388044366135
2021Q4,PO40,CR0,0.3929406638100079,0.0004076618258877173
2021Q4,PO40,CV34,0.11492930049106966,0.0005781105591933427
2021Q4,PO40,DT1,0.11817851695838474,0.0006515387077986978
2021Q4,PO40,DT6,0.22752560098772606,0.002373208742640322
2021Q4,PO40,EX4,0.2529472560992642,0.0007379181047480017
2021Q4,PO40,GU51,0.08736235802834683,0.000702588698497984
2021Q4,PO40,KT11,0.2271322983066755,0.0019460544464564395
2021Q4,PO40,NP19,40.30246763912244,0.1888261034871808
2021Q4,PO40,OX26,0.18050805320759564,0.0004371362930011436
2021Q4,PO40,PO19,0.17301742487304253,0.0004778873960528445
2021Q4,PO40,PO3,0.8096046302451996,0.004488962294298741
2021Q4,PO40,PO30,198.15983508103488,0.8105446721306855
2021Q4,PO40,PO31,33.689824969133554,0.7955107534610107
2021Q4,PO40,PO33,11.024613820343356,0.4334683266702471
2021Q4,PO40,PO35,0.4004938630256373,0.2369532209034473
2021Q4,PO40,PO36,10.80211623658497,0.27631324396145085
2021Q4,PO40,PO37,1.9946792404341973,0.2031814568082501
2021Q4,PO40,PO38,6.578773945932054,0.4618911120766495
2021Q4,PO40,PO39,71.07087604820192,N/A
2021Q4,PO40,PO41,36.70120057878064,13.162741781200776
2021Q4,PO40,PO5,0.2427884266216752,0.003307613343019023
2021Q4,PO40,PO6,0.2276909668877132,0.001019060416006822
2021Q4,PO40,RG14,0.07453532740772191,0.00018613802052386744
2021Q4,PO40,SE1,0.5356022726637877,0.0007086267382183253
2021Q4,PO40,SM1,0.3325195394336217,0.0010248399671239328
2021Q4,PO40,SN1,0.21784499181550526,0.0006186647020056157
2021Q4,PO40,SO14,5.128742939825806,0.023283949677653525
2021Q4,PO40,SO15,5.45349922065733,0.010559230582289676
2021Q4,PO40,SO16,0.13930065867025704,0.0007206087448910105
2021Q4,PO40,SO18,0.1545321988636681,0.002050546940459186
2021Q4,PO40,SO21,0.2431370358162427,0.004081885558096736
2021Q4,PO40,SO23,0.554159008251535,0.002385535033209728
2021Q4,PO40,SO40,0.15698140192293725,0.0011401010056652314
2021Q4,PO40,SO41,3.6542735353106472,0.0325625098963588
2021Q4,PO40,SO42,0.5646843243182846,0.03071834940411268
2021Q4,PO40,SP1,0.4404945334279345,0.0017447782331951273
2021Q4,PO40,SP2,0.24425884232696635,0.0014714705574908936
2021Q4,PO40,TR1,0.5369967094420576,0.0018805154063050058
2021Q4,PO40,TW6,0.1634217333251395,0.0004901082516918187
2021Q4,PO40,UNKNOWN,588.0881609859383,0.008814088414108742
2021Q4,PO40,W1C,0.2891489801505053,0.0012442368689667776
2021Q4,PO40,W1D,0.22438364888797016,0.0005728377724080826
2021Q4,PO40,W1F,0.1274255993117203,0.0005910648041522678
2021Q4,PO40,WC2E,0.11323988670201175,0.0005151962075459196
2021Q4,PO40,WC2H,0.2111543768889981,0.00091862307534435
2022Q1,PO40,BA12,1.9661871428012758,0.01901139571997008
2022Q1,PO40,BH1,0.4123465756409325,0.0024400901583203865
2022Q1,PO40,BH12,0.1558283099716755,0.0005221894502570691
2022Q1,PO40,BH2,0.5925328357458504,0.006799006614915776
2022Q1,PO40,BH21,0.3190891467454761,0.002784838686208865
2022Q1,PO40,BH22,0.15205617971250912,0.0012435815713769025
2022Q1,PO40,BH23,0.6013419219316524,0.0021925669708380328
2022Q1,PO40,BH24,0.1601501701145829,0.001574294382513229
2022Q1,PO40,BH25,0.41000463694922257,0.010965412135081436
2022Q1,PO40,BH8,0.17081403598942996,0.0006539450620223312
2022Q1,PO40,BN1,0.7489108756012671,0.0010216311728073085
2022Q1,PO40,BN2,0.2586277982312552,0.0009223451440788141
2022Q1,PO40,BS1,0.5803270445873394,0.0008662095920572463
2022Q1,PO40,CV34,0.16002502835243046,0.0008049484181185161
2022Q1,PO40,DT1,0.09463398827913316,0.0005217336282781039
2022Q1,PO40,DT6,0.12169589434459795,0.0012693506099896547
2022Q1,PO40,E1,0.1048732660323916,0.00021403111431211804
2022Q1,PO40,EX14,0.08929758599306133,0.0009760225460309293
2022Q1,PO40,EX4,0.2668469303954814,0.0007784673539134245
2022Q1,PO40,GU1,0.1991631144656056,0.0003779872448529486
2022Q1,PO40,GU32,0.3491097616161164,0.00542232276948635
2022Q1,PO40,GU51,0.27423923305977194,0.0022054966255607663
2022Q1,PO40,KT11,0.05843226422789208,0.0005006437590116389
2022Q1,PO40,N1,0.5145427018329916,0.0012680127993528025
2022Q1,PO40,NP19,61.05124443426426,0.2860387781410937
2022Q1,PO40,NW1,0.1009759940110728,0.00022180081985566632
2022Q1,PO40,OX1,0.1833550282965636,0.0005343080995298898
2022Q1,PO40,PO12,0.1588540590065755,0.0012503027194720857
2022Q1,PO40,PO19,0.2694257445655513,0.0007441745685124412
2022Q1,PO40,PO3,0.5638530254697005,0.003126359307126457
2022Q1,PO40,PO30,311.1108633105582,1.2725548171516678
2022Q1,PO40,PO31,60.492388140583365,1.4283940421911014
2022Q1,PO40,PO33,16.932538534165374,0.6657574826920832
2022Q1,PO40,PO36,15.244242082269533,0.3899408124511365
2022Q1,PO40,PO37,1.8706190606546476,0.1905444736038651
2022Q1,PO40,PO38,11.928016670670454,0.8374576980702496
2022Q1,PO40,PO39,100.1713235417353,N/A
2022Q1,PO40,PO4,0.14105264334039114,0.0026191880071849377
2022Q1,PO40,PO41,59.32888707631972,21.27807288143928
2022Q1,PO40,PO5,0.3029503287764599,0.004127225352856092
2022Q1,PO40,PO6,0.35943395699369257,0.0016086932334105533
2022Q1,PO40,RH6,0.4027285373497879,0.0014891757223341024
2022Q1,PO40,SE1,0.5124555160142348,0.0006780025017240895
2022Q1,PO40,SM1,0.16706872182215346,0.0005149132098260718
2022Q1,PO40,SN14,0.29092778091252924,0.0016164542773914755
2022Q1,PO40,SO14,4.846226473069381,0.02200135484452497
2022Q1,PO40,SO15,7.032774850975156,0.013617071953266674
2022Q1,PO40,SO16,0.5222344508567182,0.002701542948634009
2022Q1,PO40,SO18,0.17830466432398304,0.0023659928907224445
2022Q1,PO40,SO21,0.5871606786705922,0.009857497384146591
2022Q1,PO40,SO23,0.8817846109152666,0.003795892604399887
2022Q1,PO40,SO40,2.747907506829723,0.019957090926921103
2022Q1,PO40,SO41,6.980380676771119,0.062200793857208815
2022Q1,PO40,SO42,0.3561579244344877,0.019374689706554503
2022Q1,PO40,SO50,0.17375039805136394,0.0009103141124406448
2022Q1,PO40,SO51,0.4893534528511651,0.005025291723988234
2022Q1,PO40,SP1,0.17936389995363047,0.000710452014068597
2022Q1,PO40,SP2,0.1695849651111471,0.0010216182176944024
2022Q1,PO40,SW11,0.1605434727956334,0.0006599444538463934
2022Q1,PO40,SW19,0.2490991469130767,0.0005739138143904405
2022Q1,PO40,TW6,0.4118638859869159,0.001235196108796832
2022Q1,PO40,UNKNOWN,846.8907370738057,0.01269294355653034
2022Q1,PO40,W1F,0.11136722961837348,0.0005165779099248083
2022Q1,PO40,W2,0.15564953602574344,0.0005897660938625947
2022Q1,PO40,WC2H,0.10282630435146957,0.00044734386907498066
2022Q1,PO40,WC2N,0.10757275261596562,0.0008529527996657457
2022Q2,PO40,B2,0.13477320848952773,0.0006335133493278303
2022Q2,PO40,BA1,1.5189483622630544,0.003249373618758353
2022Q2,PO40,BA11,0.7601736341949864,0.004796632377037803
2022Q2,PO40,BA12,2.502938038067677,0.02420133082371576
2022Q2,PO40,BA16,0.3966546925367464,0.005542484009443521
2022Q2,PO40,BA2,0.9162477583423186,0.0044037549405594395
2022Q2,PO40,BA22,0.12044000737442526,0.0019017837608870988
2022Q2,PO40,BA5,0.4013028151309798,0.004258047769205999
2022Q2,PO40,BA6,0.32041654329402164,0.004626639289411295
2022Q2,PO40,BH1,0.5286971290021619,0.0031286028244691885
2022Q2,PO40,BH19,1.0961837349229315,0.03609200034196805
2022Q2,PO40,BH2,0.6044034257557388,0.006935215471423438
2022Q2,PO40,BH20,0.6694458566344687,0.01415476832149922
2022Q2,PO40,BH22,0.8051710363860846,0.006585038928041693
2022Q2,PO40,BH23,2.756600389950669,0.01005090572662924
2022Q2,PO40,BH24,0.5725593166365917,0.005628323186866986
2022Q2,PO40,BH25,0.7184701419576863,0.019215200276606125
2022Q2,PO40,BH8,1.1116387425487575,0.00425580170992188
2022Q2,PO40,BN1,2.221020464030123,0.003029818120446438
2022Q2,PO40,BN17,0.08714782929322837,0.000850678215259008
2022Q2,PO40,BN18,0.2923132789935026,0.011294257647339462
2022Q2,PO40,BN2,0.29472225791493706,0.0010510689311004414
2022Q2,PO40,BN21,0.1968390531684888,0.0011677131089256384
2022Q2,PO40,BN3,0.2994329513902467,0.0009514888623463904
2022Q2,PO40,BR1,0.15924736168762602,0.0004291553248698774
2022Q2,PO40,BR6,0.10454253423241727,0.0004955229116202461
2022Q2,PO40,BS1,1.4983401956457367,0.0022364572903131987
2022Q2,PO40,BS48,0.11378961658575283,0.0011565072508834071
2022Q2,PO40,BS8,0.17368335782163946,0.0010186949779110574
2022Q2,PO40,CF10,0.4144248227623926,0.0007970299160678655
2022Q2,PO40,CM2,0.27637558171365995,0.0006039155879202911
2022Q2,PO40,CM24,0.6053509276691788,0.006271648883656615
2022Q2,PO40,CR0,0.35401263708330305,0.00036727539629363617
2022Q2,PO40,CR4,0.09820052850047764,0.0010914474057102377
2022Q2,PO40,CV34,0.1259373062118359,0.0006334823774820148
2022Q2,PO40,DT1,0.4836014011408012,0.002666178592339849
2022Q2,PO40,DT11,0.16759610496265298,0.0021348948746599114
2022Q2,PO40,DT2,0.15893450728224492,0.0050155735738558
2022Q2,PO40,DT3,0.6824114370631911,0.006651104591145545
2022Q2,PO40,DT4,0.766707821918803,0.004698506072378411
2022Q2,PO40,DT6,1.0343994592088133,0.010789317023314685
2022Q2,PO40,DT7,0.20312742671664885,0.013866713566581552
2022Q2,PO40,E1,0.6255076900730179,0.0012765704071405278
2022Q2,PO40,E15,0.20037430794929526,0.000622123485095287
2022Q2,PO40,E17,0.14435549199148587,0.0006649859272457735
2022Q2,PO40,EN6,0.34959245127013294,0.006081143044174711
2022Q2,PO40,EX1,0.35922836695587074,0.0019019274850023567
2022Q2,PO40,EX10,0.3749247194087051,0.007765861490437323
2022Q2,PO40,EX14,0.18247456661284825,0.0019944468723398787
2022Q2,PO40,EX23,0.3712419761225048,0.005780314669227022
2022Q2,PO40,EX31,0.3749023726654636,0.0016378715960942778
2022Q2,PO40,EX4,0.7565445230925657,0.002207052605539494
2022Q2,PO40,GL4,0.2663821181360581,0.0015984432809364295
2022Q2,PO40,GL7,0.6672245903562629,0.00262215720618643
2022Q2,PO40,GU1,0.39521109292334505,0.000750062342368199
2022Q2,PO40,GU21,0.20561685391375276,0.0007594734334124523
2022Q2,PO40,GU23,0.40188383045525894,0.014966073673556781
2022Q2,PO40,GU32,0.1770487773538104,0.002749896228369934
2022Q2,PO40,GU34,0.21549411442649874,0.001650502564937502
2022Q2,PO40,GU51,0.3411275049302502,0.0027434278918277554
2022Q2,PO40,GU7,0.2672715185170701,0.0019070821565415395
2022Q2,PO40,GU9,0.25995966412844906,0.0014178353358563515
2022Q2,PO40,HP5,0.08517237719067916,0.0010806939924997863
2022Q2,PO40,KT11,0.3287384704771588,0.0028166093812407892
2022Q2,PO40,KT16,0.12121767403922973,0.0014580103575008714
2022Q2,PO40,L3,0.11059403230221734,0.00030714469411049773
2022Q2,PO40,LA22,0.09862958597071457,0.0018485857025164715
2022Q2,PO40,LA9,0.22689542282831554,0.0009553909618771814
2022Q2,PO40,LE4,0.11574272194506055,0.00026547749223275767
2022Q2,PO40,M1,0.07560350173466593,0.00011639199926418152
2022Q2,PO40,N1C,0.1127661357452918,0.0009737289350293589
2022Q2,PO40,NN6,0.23407766610613584,0.0037324274246754757
2022Q2,PO40,NP19,91.2258641206277,0.427413641601133
2022Q2,PO40,NP7,0.2953524360743476,0.002272598486237637
2022Q2,PO40,NR1,0.115067850299167,0.00025807424241430235
2022Q2,PO40,NW1,0.2180237657614373,0.0004789044214667868
2022Q2,PO40,OX1,0.3227808287289731,0.0009406036625508392
2022Q2,PO40,OX14,0.16853019883014794,0.00094580975342515
2022Q2,PO40,OX16,0.1549255015447186,0.00042245626820883593
2022Q2,PO40,OX25,0.2309580607496215,0.008428194516209344
2022Q2,PO40,OX4,0.3901562596021162,0.0011893519514480186
2022Q2,PO40,PL1,0.282945524226663,0.0007210579557461107
2022Q2,PO40,PL25,0.17331687123247874,0.0009183951715665747
2022Q2,PO40,PO11,0.3291138957636161,0.010572507042379704
2022Q2,PO40,PO12,0.27859237864321745,0.002192734707694145
2022Q2,PO40,PO15,0.22365961440694532,0.0022363913497385032
2022Q2,PO40,PO16,0.3284971256501505,0.0017793140059120297
2022Q2,PO40,PO19,0.9426124460186482,0.002603567864019457
2022Q2,PO40,PO20,0.3707145929820053,0.006344717401646917
2022Q2,PO40,PO3,1.5093839561556897,0.008368983345303106
2022Q2,PO40,PO30,521.1932311714721,2.131866916945394
2022Q2,PO40,PO31,100.56479158868584,2.374615279291623
2022Q2,PO40,PO33,30.896084291915503,1.2147794178483449
2022Q2,PO40,PO34,0.8967390514924829,1.3988082083232998
2022Q2,PO40,PO35,2.3562897702196124,1.3941048839483463
2022Q2,PO40,PO36,26.449681279574513,0.6765708751914155
2022Q2,PO40,PO37,8.149218143320839,0.8300933707254737
2022Q2,PO40,PO38,32.403287205930816,2.275012104913725
2022Q2,PO40,PO39,105.6298239635301,N/A
2022Q2,PO40,PO4,0.30212796862517244,0.005610174565453161
2022Q2,PO40,PO41,99.71956178036504,35.764030101193256
2022Q2,PO40,PO5,0.7466180997446884,0.010171506208997236
2022Q2,PO40,PO6,0.5257428895456348,0.002353030403692816
2022Q2,PO40,PO7,0.1718509248758359,0.000929286580637942
2022Q2,PO40,PO9,0.1859427811639301,0.0007334273245494349
2022Q2,PO40,RG1,0.4025765794957457,0.0007049831231345826
2022Q2,PO40,RG12,0.4088426063006642,0.001107717615376967
2022Q2,PO40,RG14,0.2650591909361609,0.0006619356865856258
2022Q2,PO40,RG2,0.1084621529969776,0.00032867239801642436
2022Q2,PO40,RG20,0.21999921786398646,0.012517869542320837
2022Q2,PO40,RG21,0.26808047062241264,0.0008931587841501812
2022Q2,PO40,RG24,0.0820348944395716,N/A
2022Q2,PO40,RH12,0.2659932848036559,0.000823502479659227
2022Q2,PO40,RH13,0.1104286664022302,0.0011399077829266292
2022Q2,PO40,RH20,0.1284401414548847,0.0014438258376266069
2022Q2,PO40,RH6,0.5276200159779213,0.0019509889306141203
2022Q2,PO40,SA62,0.3041302368196115,0.004634171407469146
2022Q2,PO40,SA70,0.126723911573937,0.0046062958232026795
2022Q2,PO40,SE1,1.424439515746074,0.001884599784859496
2022Q2,PO40,SL4,0.2617071794499348,0.0012147980939702947
2022Q2,PO40,SL6,0.2530858059073615,0.0007367851374699167
2022Q2,PO40,SM1,0.6618658413269495,0.002039899875421817
2022Q2,PO40,SN1,0.17328558579194062,0.0004921190723844269
2022Q2,PO40,SN10,0.4325703782744962,0.004556976155940779
2022Q2,PO40,SN14,0.3398179857762979,0.001888098259023966
2022Q2,PO40,SN3,0.1137136376587317,0.0004880969811538578
2022Q2,PO40,SN8,0.2758035050866774,0.003535932533478372
2022Q2,PO40,SO14,12.00849623178042,0.054517300875790015
2022Q2,PO40,SO15,15.09787985273496,0.02923297285252357
2022Q2,PO40,SO16,1.1232456409883962,0.005810601610096847
2022Q2,PO40,SO17,0.12435515679033725,0.0015256446864973904
2022Q2,PO40,SO18,0.3531500527941809,0.004686083325061403
2022Q2,PO40,SO19,0.3979373955988089,0.0053879490711861286
2022Q2,PO40,SO21,0.9422191433375976,0.015818366382728946
2022Q2,PO40,SO22,0.5010810237043078,0.007289212967412281
2022Q2,PO40,SO23,2.397018944451583,0.010318649669340306
2022Q2,PO40,SO31,1.6418688581372871,0.014827585180023282
2022Q2,PO40,SO40,1.5252054503706765,0.011077033626361213
2022Q2,PO40,SO41,10.694610524198726,0.0952975626118038
2022Q2,PO40,SO42,1.6295200478220304,0.08864451169320818
2022Q2,PO40,SO43,0.3482024838405112,0.022324872339351445
2022Q2,PO40,SO50,0.2596557484203645,0.0013603899318464898
2022Q2,PO40,SO51,1.4752247244367225,0.015149447818424713
2022Q2,PO40,SP1,0.5816767878791264,0.002303994536205516
2022Q2,PO40,SP10,0.21080129834578232,0.0008609387014097852
2022Q2,PO40,SP4,0.18026670838058734,0.0015861943851157795
2022Q2,PO40,SW11,0.19404124091465216,0.0007976433954565579
2022Q2,PO40,SW19,0.17529232333502795,0.0004038660395479944
2022Q2,PO40,SW1A,0.08666067029056351,0.0015747137546335667
2022Q2,PO40,SW1Y,1.5455812108582825,0.017320126717495485
2022Q2,PO40,SW3,1.2209187863483744,0.0044778683770953205
2022Q2,PO40,SW6,0.20266261445722555,0.000758623768100989
2022Q2,PO40,SW7,0.24733822354564602,0.0012807244555261158
2022Q2,PO40,TA1,0.7859215517578506,0.0016989234935193345
2022Q2,PO40,TA24,1.7475913004128558,0.02218120931681813
2022Q2,PO40,TA6,0.4268317346100772,0.0014181006080672325
2022Q2,PO40,TQ2,0.16821287507611854,0.0006913444934113067
2022Q2,PO40,TQ6,0.40338553160108825,0.011468637247997515
2022Q2,PO40,TR1,0.419872958764672,0.0014703582978529
2022Q2,PO40,TR11,0.8094660804371022,0.010496267148834441
2022Q2,PO40,TR18,0.42898149130991015,0.0033321139582251627
2022Q2,PO40,TR26,0.2221936680503025,0.006651078095075312
2022Q2,PO40,TW6,0.986595306066582,0.002958838403834647
2022Q2,PO40,TW9,0.2140192293725593,0.0008267980604567489
2022Q2,PO40,UNKNOWN,1612.4301511645444,0.02416661796100814
2022Q2,PO40,W12,0.3108431984893601,0.0007297362556267205
2022Q2,PO40,W1B,0.4825108800706156,0.0015326225405940645
2022Q2,PO40,W1C,0.2002134113979564,0.0008615382561380103
2022Q2,PO40,W1D,0.8119376302396129,0.002072827257002919
2022Q2,PO40,W1U,2.5737503980513643,0.014001508536063216
2022Q2,PO40,W2,0.5221405945351039,0.0019784242648505533
2022Q2,PO40,W6,0.3376726984251132,0.0014678539952246875
2022Q2,PO40,WC2E,0.19163673134186604,0.0008718705050777099
2022Q2,PO40,WC2H,0.6505807359899886,0.0028303390403746497
2022Q2,PO40,WC2N,0.1860187600909512,0.001474957350736965
2022Q3,PO40,B2,0.09582730436822964,0.00045044469318315393
2022Q3,PO40,B37,0.1908456566311167,0.0019701762542857254
2022Q3,PO40,B5,0.2643977273362124,0.0008019315285643381
2022Q3,PO40,BA1,1.7580182908093431,0.003760798192599279
2022Q3,PO40,BA11,0.3352592501550305,0.00211545797125417
2022Q3,PO40,BA12,1.0410900741353206,0.010066475844878424
2022Q3,PO40,BA16,0.3339005681659469,0.0046656162012565176
2022Q3,PO40,BA2,1.4818840539226912,0.007122368556300669
2022Q3,PO40,BA20,0.3747861696006078,0.0015144763336194741
2022Q3,PO40,BA4,0.19080990184193028,0.004255515419554065
2022Q3,PO40,BA5,0.578928138460421,0.0061427519956405024
2022Q3,PO40,BA9,0.14187947284032693,N/A
2022Q3,PO40,BD23,0.2612468365391599,0.0017332188198933545
2022Q3,PO40,BH1,0.9329631222869654,0.005520875562576882
2022Q3,PO40,BH14,0.35281485164555826,0.004506247419362906
2022Q3,PO40,BH19,0.5669636921289183,0.0186673575955212
2022Q3,PO40,BH2,1.4981971764889912,0.01719103465477124
2022Q3,PO40,BH20,0.5753392514958351,0.012164977541469795
2022Q3,PO40,BH21,0.98033821795896,0.008555865414999031
2022Q3,PO40,BH22,0.4509796253568495,0.003688307520421678
2022Q3,PO40,BH23,1.8061933998893835,0.0065856043743333465
2022Q3,PO40,BH24,0.9523869115124832,0.009362071633770308
2022Q3,PO40,BH25,0.9313675648195219,0.02490905779379771
2022Q3,PO40,BH6,0.25254501472091706,0.015734961167315466
2022Q3,PO40,BH7,0.2270697274255993,N/A
2022Q3,PO40,BH8,1.5267920691408234,0.005845176179850249
2022Q3,PO40,BN1,1.0745565568138014,0.0014658626428733488
2022Q3,PO40,BN11,0.1864344095152433,0.0010586587910756612
2022Q3,PO40,BN17,0.20161231752487468,0.001968003194539917
2022Q3,PO40,BN18,0.3602876025855181,0.01392061634953483
2022Q3,PO40,BN2,0.16481170075476126,0.000587768495568292
2022Q3,PO40,BN21,0.30307547053861233,0.0017979419949699239
2022Q3,PO40,BN3,0.3024676391224433,0.0009611319946886328
2022Q3,PO40,BN7,0.40402017910914706,0.00299332770373949
2022Q3,PO40,BR1,0.25671938635843056,0.0006918324453572942
2022Q3,PO40,BS1,2.655557355709872,0.003963746434408807
2022Q3,PO40,BS37,0.11485779091269685,0.0006416308350297474
2022Q3,PO40,BS48,0.0990050112571719,0.0010062430723318634
2022Q3,PO40,BS8,0.4256160717777393,0.0024963413897344387
2022Q3,PO40,CF10,0.3897987117102521,0.0007496684981534301
2022Q3,PO40,CH8,0.8412967815103045,0.012151053331303384
2022Q3,PO40,CM1,0.09597926222227186,0.0002155374924812468
2022Q3,PO40,CM24,0.1128018905344782,0.001168667327510128
2022Q3,PO40,CT1,0.2806527483700844,0.0006211695660411996
2022Q3,PO40,DT1,0.5914601920702581,0.0032608228565901318
2022Q3,PO40,DT11,0.10677273920791967,0.0013601066309935008
2022Q3,PO40,DT2,0.3649804186662346,0.011517864648400952
2022Q3,PO40,DT3,0.24001743045972834,0.002339323386131689
2022Q3,PO40,DT4,0.5111013033737994,0.0031321091409924804
2022Q3,PO40,DT6,0.7801650306988385,0.008137521507553862
2022Q3,PO40,E1,0.5541143147650519,0.0011308668904125596
2022Q3,PO40,E14,0.13673972189478034,0.0003095681144295372
2022Q3,PO40,E15,0.1872433616205858,0.0005813544355288973
2022Q3,PO40,E4,0.08337569903406201,0.0002360199513742078
2022Q3,PO40,EC2M,0.20639452057855714,0.0010016812506272836
2022Q3,PO40,EH1,0.3357106543685089,0.0009512418695857613
2022Q3,PO40,EH2,0.227717782979603,0.0007334534984565688
2022Q3,PO40,EN6,0.12530265870377713,0.002179633423503992
2022Q3,PO40,EX1,0.4326687039447588,0.002290755896885988
2022Q3,PO40,EX10,1.1061816678491816,0.022912475948040238
2022Q3,PO40,EX14,0.4445437633032955,0.004858862990038358
2022Q3,PO40,EX2,0.21903383855595346,0.00048149149791547265
2022Q3,PO40,EX23,0.2595127292636189,0.0040406670912629655
2022Q3,PO40,EX31,0.3450918171812935,0.0015076353915480787
2022Q3,PO40,EX4,1.1453152846137085,0.0033412059778557303
2022Q3,PO40,EX5,0.2996921736118482,0.007395316110396661
2022Q3,PO40,EX8,0.5749101940255981,0.004202601873892924
2022Q3,PO40,GL50,0.2611395721716006,0.0010275703736804204
2022Q3,PO40,GL54,0.1320737219059537,0.0018918881977865953
2022Q3,PO40,GL7,0.3193617770130225,0.001255074823498433
2022Q3,PO40,GU1,0.6288775789538371,0.0011935327686372593
2022Q3,PO40,GU14,0.11787013190165195,0.00032345338057467374
2022Q3,PO40,GU23,0.3658698190472466,0.013624919073228485
2022Q3,PO40,GU31,0.2013039324681419,0.007839076480664115
2022Q3,PO40,GU51,0.2758035050866774,0.0022180768703284697
2022Q3,PO40,GU7,0.12148136560947947,0.000866814937826384
2022Q3,PO40,GY1,0.5634373760454086,0.005987189484210516
2022Q3,PO40,HR5,0.2970016257255708,0.003610610796321711
2022Q3,PO40,HR9,0.2217824879746588,0.0020155420857608216
2022Q3,PO40,JE3,0.3313619781337117,0.005075377521249754
2022Q3,PO40,KT1,0.16324742872785575,0.0005377419899136821
2022Q3,PO40,KT11,0.2865880433750286,0.002455467321332669
2022Q3,PO40,KT9,0.10965546908607406,0.0017374499011791466
2022Q3,PO40,L1,0.1854958462991,0.0003669834109357459
2022Q3,PO40,LA2,0.2269222389202053,0.008061854207636174
2022Q3,PO40,LL24,0.21811315273440332,0.01938336457945313
2022Q3,PO40,LU1,0.051290245087906486,0.000164092814108121
2022Q3,PO40,M20,0.14299681000240225,0.0009149427507651057
2022Q3,PO40,MK9,0.2615865070364308,0.0005490071377349232
2022Q3,PO40,N17,0.08385391933943026,0.0005647661938876673
2022Q3,PO40,N1C,0.1833863137371017,0.0015835300091999785
2022Q3,PO40,NE1,0.20080336541953211,0.00040968743324451036
2022Q3,PO40,NN1,0.13033067593311615,0.0003411388170045814
2022Q3,PO40,NN12,0.10567327944043753,0.001122334772654262
2022Q3,PO40,NW1,0.4915434336888327,0.0010797094661419923
2022Q3,PO40,OX1,0.4227512192941781,0.001231923676451743
2022Q3,PO40,OX16,0.17601635781605274,0.0004799675516636449
2022Q3,PO40,OX26,0.8669195573110162,0.0020994188064135835
2022Q3,PO40,OX3,0.1519891394827846,0.0019810682518756127
2022Q3,PO40,OX4,0.16806538657072462,0.0005123303562849533
2022Q3,PO40,OX7,0.32497527891528905,0.0034913825058130762
2022Q3,PO40,PL1,0.7975150421515443,0.0020323861546927995
2022Q3,PO40,PL13,0.2320396431225104,0.01718811679062826
2022Q3,PO40,PL26,0.1440962697698844,0.005250666186517041
2022Q3,PO40,PL28,0.4098348017005871,0.02567965138000465
2022Q3,PO40,PL6,0.20501796119488036,0.0007811486191123981
2022Q3,PO40,PO10,0.5056755141147616,0.020228104537946042
2022Q3,PO40,PO11,0.2141220243914702,0.006878489908652722
2022Q3,PO40,PO12,0.3799437979407476,0.0029904477530045717
2022Q3,PO40,PO13,0.12623228322262384,0.002184786412931805
2022Q3,PO40,PO14,0.12243780622021595,0.0008602616807444217
2022Q3,PO40,PO16,0.3020296429549098,0.001635952134578546
2022Q3,PO40,PO19,1.68174885612608,0.004645119312454655
2022Q3,PO40,PO20,0.3094308843164969,0.005295857118916194
2022Q3,PO40,PO3,2.603529668094996,0.014435622124131062
2022Q3,PO40,PO30,581.2953468493885,2.3777060882718923
2022Q3,PO40,PO31,95.68240808505169,2.2593285841775907
2022Q3,PO40,PO33,31.406841455443388,1.234861486628
2022Q3,PO40,PO34,0.9901752543338714,1.5445577742327647
2022Q3,PO40,PO36,43.801087169058704,1.1204119840638864
2022Q3,PO40,PO37,9.408613552182436,0.9583775523036712
2022Q3,PO40,PO38,50.05684788013207,3.514456238263437
2022Q3,PO40,PO39,114.5009715246624,N/A
2022Q3,PO40,PO4,0.33851293597099386,0.006285802244999821
2022Q3,PO40,PO41,109.8654703710118,39.40282046249722
2022Q3,PO40,PO5,1.2428409414682926,0.016931767870700682
2022Q3,PO40,PO6,1.1594384263423407,0.005189216863686127
2022Q3,PO40,RG1,0.5455108186170717,0.000955286373325724
2022Q3,PO40,RG12,0.2883176813019212,0.000781167543404005
2022Q3,PO40,RG14,0.2929032330150784,0.0007314709667837247
2022Q3,PO40,RG2,0.4288340028045162,0.0012994938433194298
2022Q3,PO40,RG21,0.24499181550528776,0.0008162347356202918
2022Q3,PO40,RH10,0.2623552350039386,0.00048787370670610666
2022Q3,PO40,RH12,0.2355748979033168,0.0007293286096002385
2022Q3,PO40,RH4,0.20100895545735398,0.001871132759142911
2022Q3,PO40,RH6,1.0716693575869989,0.003962728840101608
2022Q3,PO40,SE1,1.6562065286010381,0.002191238331274166
2022Q3,PO40,SE10,0.20826717766219546,0.0010283568624601565
2022Q3,PO40,SE15,0.13452739431387115,0.0009437678299755252
2022Q3,PO40,SL4,0.9095392660212182,0.004221919204035775
2022Q3,PO40,SL7,0.502256462398811,0.005677089805641261
2022Q3,PO40,SM1,0.427050732693844,0.001316189297024985
2022Q3,PO40,SN1,0.1248378464443538,0.0003545308451934852
2022Q3,PO40,SN10,0.14226383682408086,0.0014986992748925569
2022Q3,PO40,SN14,0.13061224489795914,0.0007257083571832807
2022Q3,PO40,SN3,0.2555752331044654,0.0010970144153717015
2022Q3,PO40,SN8,0.3566987156209321,0.004573047731273844
2022Q3,PO40,SO14,14.323332793287035,0.06502641366278089
2022Q3,PO40,SO15,19.00847500237434,0.03680478578001283
2022Q3,PO40,SO16,1.4592959658541762,0.0075490054707345235
2022Q3,PO40,SO18,0.5526707151516506,0.00733359942050272
2022Q3,PO40,SO21,1.347446046581786,0.02262148396846294
2022Q3,PO40,SO23,2.0537461521701483,0.00884093432096255
2022Q3,PO40,SO24,0.12508366062001036,0.007723592220084367
2022Q3,PO40,SO31,1.0663150779063335,0.009629805430585291
2022Q3,PO40,SO41,11.090125532830157,0.0988219187548982
2022Q3,PO40,SO42,1.6868528522824402,0.09176336774053816
2022Q3,PO40,SO45,0.4323916043285641,N/A
2022Q3,PO40,SO50,0.2667128499360324,0.001397363539819115
2022Q3,PO40,SO51,1.0870215701939137,0.011162893545891868
2022Q3,PO40,SP1,0.6679799102778258,0.0026458371653210497
2022Q3,PO40,SP2,1.1255294781476783,0.006780444355277103
2022Q3,PO40,SP6,0.15188634446387367,0.00644508845514086
2022Q3,PO40,SW19,0.1732051375162712,0.0003990572524066948
2022Q3,PO40,SW1A,0.2420599227920021,0.004398478439966683
2022Q3,PO40,SW1E,0.1323686989167416,0.001545407052151046
2022Q3,PO40,SW1V,0.2467884936619049,0.0019295872294366953
2022Q3,PO40,SW1W,0.3501153650619842,0.003317363318826609
2022Q3,PO40,SW3,0.7982614233758106,0.0029277210117149423
2022Q3,PO40,SW7,0.7624798180975099,0.00394814249040795
2022Q3,PO40,SY3,0.3146957770241959,0.001721460204840249
2022Q3,PO40,TA1,1.6114906953747823,0.003483553028717002
2022Q3,PO40,TA24,0.22783845539310715,0.0028918274360264515
2022Q3,PO40,TN34,0.2323569668765398,0.0018907314973113504
2022Q3,PO40,TQ4,0.13576093454080235,0.0009265895825864346
2022Q3,PO40,TQ5,0.2002893903249775,0.006171500903690258
2022Q3,PO40,TQ6,0.21385833282122044,0.00608019735326938
2022Q3,PO40,TQ7,0.2980608613552182,0.0050678323595517326
2022Q3,PO40,TQ9,0.29624630580400785,0.003692372765057817
2022Q3,PO40,TR1,0.6774638681095213,0.002372419083384348
2022Q3,PO40,TR11,0.9426124460186482,0.012222762991977896
2022Q3,PO40,TR18,0.2514813097426213,0.0019533812050197786
2022Q3,PO40,TR19,0.0421459577534819,0.0044909676520362455
2022Q3,PO40,TR7,0.1826175857695939,0.0022686984325845697
2022Q3,PO40,TR9,0.19432727922814347,0.009200105930713716
2022Q3,PO40,TW5,0.0735163159159092,0.0013109162554210516
2022Q3,PO40,TW6,1.60113074520802,0.004801854528752604
2022Q3,PO40,TW9,0.19109147080677327,0.0007382236535289804
2022Q3,PO40,UNKNOWN,1860.3833645480083,0.027882866119549928
2022Q3,PO40,W12,0.2619127694877568,0.0006148670604203747
2022Q3,PO40,W1B,0.3934814549964524,0.0012498340910883793
2022Q3,PO40,W1D,1.168001698352486,0.002981837109651204
2022Q3,PO40,W1F,0.6125510483415922,0.002841323622387612
2022Q3,PO40,W1J,0.2307256546199098,0.0011329600203904596
2022Q3,PO40,W2,0.35052207578897965,0.0013281506693118815
2022Q3,PO40,W4,0.7807952088582489,N/A
2022Q3,PO40,W6,0.3402336352005899,0.0014789863174258409
2022Q3,PO40,W8,0.20208159913294635,0.0010124845880053106
2022Q3,PO40,WA9,0.4145008016894137,0.0022159899575138076
2022Q3,PO40,WC2E,0.3874612423671905,0.0017627937333061687
2022Q3,PO40,WC2H,0.5781549411442648,0.002515252006065089
2022Q3,PO40,WC2N,0.15025056285859534,0.001191348507173669
2022Q3,PO40,WC2R,0.09765079861673658,0.001048737664959232
2022Q3,PO40,YO1,0.14695218355614895,0.00046764956988025626
2022Q4,PO40,BA1,1.1774945948814783,0.00251892688908658
2022Q4,PO40,BH1,0.3792957423867439,0.002244509504297785
2022Q4,PO40,BH2,0.8149231551366781,0.009350820052779013
2022Q4,PO40,BH20,0.14725162991558516,0.003113489591072829
2022Q4,PO40,BH21,0.1366503349218143,0.001192610726673241
2022Q4,PO40,BH22,0.3320055643390671,0.002715285904113021
2022Q4,PO40,BH23,0.2433739112946027,0.0008873713606297695
2022Q4,PO40,BH24,0.2998530701631871,0.0029475897752684692
2022Q4,PO40,BH25,0.1850444420856215,0.00494894054338791
2022Q4,PO40,BH8,0.5680676212450487,0.002174792098647907
2022Q4,PO40,BN1,0.5286256194237892,0.0007211277458273326
2022Q4,PO40,BS1,0.7848757241741481,0.0011715236902942654
2022Q4,PO40,CV34,0.14371637513477878,0.0007229135967886887
2022Q4,PO40,DT1,0.2708425280870629,0.0014932019398154858
2022Q4,PO40,DT6,0.09358816069543063,0.0009761725283037703
2022Q4,PO40,E1,0.11420973535869315,0.00023308549308041188
2022Q4,PO40,EX1,0.3648955010419169,0.001931932014351702
2022Q4,PO40,EX4,0.29592004335268185,0.0008632817802224526
2022Q4,PO40,GU1,0.13324469125180868,0.0002528821356941106
2022Q4,PO40,GU51,0.1231171472147578,0.0009901371503312
2022Q4,PO40,KT11,0.14660357436158147,0.0012560896881673384
2022Q4,PO40,NW1,0.07297552472946472,0.00016029583440018233
2022Q4,PO40,OX25,0.14240238663217816,0.0051965928801660745
2022Q4,PO40,OX26,0.108779476751007,0.00026343122302057125
2022Q4,PO40,OX3,0.11643547098554725,0.001517651956887213
2022Q4,PO40,PO19,0.43851461197673697,0.0012112109875780349
2022Q4,PO40,PO20,0.0682871779973966,0.0011687234728590074
2022Q4,PO40,PO3,0.4061297116711453,0.002251841076716718
2022Q4,PO40,PO30,246.33771515723726,1.007609450643182
2022Q4,PO40,PO31,55.919909272222434,1.3204250600700316
2022Q4,PO40,PO33,13.857157382525964,0.5448389323103489
2022Q4,PO40,PO35,0.5477052688033877,0.3240512265738348
2022Q4,PO40,PO36,10.027667502807306,0.2565031958907595
2022Q4,PO40,PO37,2.1314502477695147,0.21711318676071736
2022Q4,PO40,PO38,7.582728202148639,0.5323780374048408
2022Q4,PO40,PO39,67.12673396760836,N/A
2022Q4,PO40,PO4,0.09552338866014512,0.001773761257210509
2022Q4,PO40,PO40,417.2746001329631,96.57618352535552
2022Q4,PO40,PO41,47.41763940177768,17.006150574827537
2022Q4,PO40,PO5,0.17459510494589292,0.0023785857784923174
2022Q4,PO40,PO6,0.5987094755778029,0.0026796018111268603
2022Q4,PO40,RG1,0.8323446761677569,0.0014575834244112775
2022Q4,PO40,RG2,0.19783124856841167,0.0005994871858331553
2022Q4,PO40,RH6,0.11437510125868028,0.0004229266323036768
2022Q4,PO40,SE1,0.9731783214243812,0.001287560219238722
2022Q4,PO40,SL4,0.3434560355760152,0.0015942617174556878
2022Q4,PO40,SO14,6.1998312820885255,0.028146577295019255
2022Q4,PO40,SO15,6.0260004357614925,0.011667724797531764
2022Q4,PO40,SO16,0.3748129856924976,0.001938924896457739
2022Q4,PO40,SO18,0.2062515014218115,0.0027368301772417434
2022Q4,PO40,SO21,0.4166192729487086,0.006994377420802989
2022Q4,PO40,SO23,0.6341737571020742,0.0027299812728525546
2022Q4,PO40,SO31,0.1428225054051185,0.0012898185223643814
2022Q4,PO40,SO41,4.670084973491175,0.041614205038763084
2022Q4,PO40,SO42,0.4511271138622434,0.024540933248004097
2022Q4,PO40,SO45,0.2887512081208065,N/A
2022Q4,PO40,SO51,0.7478248238797297,0.0076795982056322735
2022Q4,PO40,SP1,1.2376386196416698,0.004902228654934558
2022Q4,PO40,SP2,0.3339407923037816,0.00201173492488115
2022Q4,PO40,SW1W,0.1311575054330519,0.0012427249442062585
2022Q4,PO40,SW7,0.10478387905942556,0.0005425739480639992
2022Q4,PO40,TW6,0.4090660737330793,0.001226805359020842
2022Q4,PO40,UNKNOWN,384.2170541405722,0.005758529605026997
2022Q4,PO40,W1D,0.3928646848829868,0.00100295958311354
2022Q4,PO40,W2,0.16187980804147553,0.0006133729948803532
2022Q4,PO40,WC2H,0.1825952390263524,0.0007943770926699846
2023Q1,PO40,B4,0.08199467030173689,0.00030685236797912285
2023Q1,PO40,BA1,1.0993569724632255,0.0023517728664573354
2023Q1,PO40,BA12,0.46400777666664794,0.004486569598245375
2023Q1,PO40,BA2,0.1036129097135706,0.0004979939747764198
2023Q1,PO40,BA5,0.1926557428336788,0.002044185400817394
2023Q1,PO40,BH1,0.29094565830712243,0.0017216916045386516
2023Q1,PO40,BH12,0.0816907545936524,0.00027375032328912714
2023Q1,PO40,BH2,0.6882305290032793,0.00789708795359878
2023Q1,PO40,BH21,0.17914043252121542,0.001563441476582726
2023Q1,PO40,BH23,0.3335787750632692,0.0012162694428935268
2023Q1,PO40,BH24,0.5328849086856203,0.00523831924542837
2023Q1,PO40,BN1,0.9125158522209867,0.0012448138632802225
2023Q1,PO40,BS1,0.7404772147019223,0.0011052534464092273
2023Q1,PO40,BS8,0.40993312737084975,0.002404357120737503
2023Q1,PO40,CM24,0.10405090588110412,0.0010780040434154798
2023Q1,PO40,DT1,0.07619792510489001,0.00042009240712729737
2023Q1,PO40,DT11,0.15406291725559645,0.001962504632774255
2023Q1,PO40,DT4,0.1617055034441918,0.0009909567479931176
2023Q1,PO40,DT6,0.2888852885802555,0.003013221762749323
2023Q1,PO40,E1,0.2088169075459365,0.00042616499991011205
2023Q1,PO40,EX1,0.28210081733213405,0.0014935771987392224
2023Q1,PO40,EX4,0.2264395492661888,0.0006605876877704696
2023Q1,PO40,GU1,0.5563802745297407,0.0010559417471669554
2023Q1,PO40,GU21,0.10731799974301244,0.00039639342875059344
2023Q1,PO40,GU32,0.2194450186315972,0.003408388570024833
2023Q1,PO40,GU51,0.217693033961463,0.0017507387489865355
2023Q1,PO40,KT11,0.07867841360469728,0.0006741114221845563
2023Q1,PO40,LU1,0.0833354748962273,0.00026661507597246643
2023Q1,PO40,N1,0.4075688419358983,0.0010043918733101769
2023Q1,PO40,NP20,11.342540936440274,0.032848678672966744
2023Q1,PO40,NW1,0.12338977748230415,0.00027103425992897073
2023Q1,PO40,OX1,0.27717112577305764,0.0008076941157939219
2023Q1,PO40,OX25,0.2751196947434873,0.010039754815277857
2023Q1,PO40,OX26,0.36915032095509975,0.0008939712106745183
2023Q1,PO40,PO18,0.15408973334748624,0.00793023773567176
2023Q1,PO40,PO19,0.5179125907138108,0.0014305142938106964
2023Q1,PO40,PO3,0.5348424833935763,0.0029655064356730806
2023Q1,PO40,PO30,380.18998307234193,1.5551131491945576
2023Q1,PO40,PO31,64.47064475940937,1.5223317792735307
2023Q1,PO40,PO33,19.555684173477765,0.7688949321678132
2023Q1,PO40,PO35,0.3344592367469845,0.1978836649565175
2023Q1,PO40,PO36,18.90548333212288,0.4835937064318704
2023Q1,PO40,PO37,2.279193506036413,0.2321625690572572
2023Q1,PO40,PO38,22.002487192522782,1.54477921894408
2023Q1,PO40,PO39,70.1092420543361,N/A
2023Q1,PO40,PO41,58.16575696799387,20.860920825582976
2023Q1,PO40,PO5,0.25301876567763704,0.00344698574406776
2023Q1,PO40,PO6,0.5785527131739637,0.002589387610004261
2023Q1,PO40,RH10,0.16551785784119286,0.00030779569094485534
2023Q1,PO40,RH6,0.39195293775873336,0.0014493306162231974
2023Q1,PO40,SE1,1.5878612490712132,0.002100814345085741
2023Q1,PO40,SO14,7.948647184031016,0.0360860162441065
2023Q1,PO40,SO15,12.422550098605006,0.024052918246388763
2023Q1,PO40,SO16,0.8291401531869248,0.004289180330016221
2023Q1,PO40,SO18,0.18803443633133515,0.002495100962488399
2023Q1,PO40,SO22,0.1327083694140125,0.0019305052904729327
2023Q1,PO40,SO31,0.3512952731051358,0.0031725192663776053
2023Q1,PO40,SO41,5.902056459046799,0.052592059680130684
2023Q1,PO40,SO42,0.5173047592976417,0.0281409411598232
2023Q1,PO40,SO50,0.3117728230082068,0.0016334420170705448
2023Q1,PO40,SO51,0.6134404487226042,0.006299571796549534
2023Q1,PO40,SP1,0.2682413671737515,0.0010624915025508083
2023Q1,PO40,SP10,0.15379922568534665,0.0006281351522900718
2023Q1,PO40,SP2,0.4944619183561734,0.0029787505243622837
2023Q1,PO40,SP5,0.09060710514701363,0.005001939081020501
2023Q1,PO40,SW11,0.5337162075342045,0.002193941895965445
2023Q1,PO40,SW7,0.2680760012737643,0.0013881052667445825
2023Q1,PO40,TW6,0.7337553143348771,0.0022005612531520394
2023Q1,PO40,UNKNOWN,1139.0739156522175,0.017072097125593648
2023Q1,PO40,W12,0.08526176416364517,0.00020016072679498125
2023Q1,PO40,W1D,0.2639284457281407,0.0006737932272485709
2023Q1,PO40,WC2E,0.13455421040576096,0.0006121678582459428
2023Q1,PO40,WC2H,0.3597736274909635,0.0015651882806449256
2023Q2,PO40,BH1,0.6620535539701782,0.003917748944107646
2023Q2,PO40,BH12,0.18020413749951114,0.000603874222290054
2023Q2,PO40,BH19,0.20900908953781347,0.0068816530393087365
2023Q2,PO40,BH2,0.9978312485684117,0.011449595449080242
2023Q2,PO40,BH20,0.12572277747671748,0.0026582833701665914
2023Q2,PO40,BH21,0.2655418805901775,0.0023175069080805873
2023Q2,PO40,BH24,0.6850394140683921,0.006734015334460278
2023Q2,PO40,BH8,0.38508354888629415,0.001474255226167772
2023Q2,PO40,BN3,0.1999944133141896,0.0006355094050819631
2023Q2,PO40,BS1,0.5792812170036368,0.0008646485655755572
2023Q2,PO40,CV34,0.2048972887813762,0.0010306622044028311
2023Q2,PO40,DT1,0.277488449527087,0.0015298420600218495
2023Q2,PO40,DT3,0.158550143298491,0.0015453046780072187
2023Q2,PO40,DT4,0.583138264887121,0.0035735629665957828
2023Q2,PO40,DT6,0.34201690531126216,0.003567411782638301
2023Q2,PO40,E1,0.6295658586456755,0.0012848525401810307
2023Q2,PO40,EH1,0.22180483471790027,0.0006284877852837308
2023Q2,PO40,EX14,0.281122029978156,0.003072663570838111
2023Q2,PO40,EX20,0.1996100493304357,0.0030179144297912664
2023Q2,PO40,GL7,0.3373330279278423,0.0013257008852047586
2023Q2,PO40,GU1,0.7558026112169477,0.0014344209641082633
2023Q2,PO40,GU21,0.2380956105409588,0.0008794380780372468
2023Q2,PO40,GU23,0.1522975245395174,0.005671529431718426
2023Q2,PO40,GU32,0.080068381034319,0.0012436106157229102
2023Q2,PO40,GU51,0.28052313725928363,0.0022560332659704537
2023Q2,PO40,KT11,0.11624775834231857,0.0009960030726550962
2023Q2,PO40,N1,0.34692425012709704,0.0008549424333489327
2023Q2,PO40,NP20,11.251285775739255,0.032584398255737904
2023Q2,PO40,NW1,0.119680218104214,0.00026288595379520344
2023Q2,PO40,OX1,0.369302278809142,0.001076170097846552
2023Q2,PO40,OX26,0.2729341832544679,0.0006609646216944098
2023Q2,PO40,PL1,0.2873433632965915,0.0007322654023319162
2023Q2,PO40,PO12,0.1567981586283569,0.0012341212139447765
2023Q2,PO40,PO19,0.4536746425917752,0.001253084154746129
2023Q2,PO40,PO2,0.19536416811454935,0.002760296268019014
2023Q2,PO40,PO3,0.6636401727403252,0.0036796426318744953
2023Q2,PO40,PO30,356.864072582222,1.4597018239750332
2023Q2,PO40,PO31,63.12422666301669,1.490539091857784
2023Q2,PO40,PO33,17.99422783622072,0.7075012292491213
2023Q2,PO40,PO34,0.4824214930976497,0.7525211969897478
2023Q2,PO40,PO35,0.9770308999592172,0.5780628370145846
2023Q2,PO40,PO36,16.152145566685473,0.413164572637426
2023Q2,PO40,PO37,4.5758711039849835,0.4661060977764336
2023Q2,PO40,PO38,27.93455532774292,1.961265568894671
2023Q2,PO40,PO39,73.79127471410135,N/A
2023Q2,PO40,PO41,63.640199556417144,22.824308209402943
2023Q2,PO40,PO5,0.5426683128767521,0.007393008709190763
2023Q2,PO40,PO6,0.6924138393380894,0.0030989878290284987
2023Q2,PO40,PO9,0.11946122002044728,0.0004711993788549622
2023Q2,PO40,RG1,0.3838410699620664,0.0006721739168933372
2023Q2,PO40,RG14,0.13123795370872135,0.00032774220990962663
2023Q2,PO40,RH6,0.6855846746034849,0.0025350973629591307
2023Q2,PO40,SE1,1.3908523606540892,0.001840162415241001
2023Q2,PO40,SL4,0.20742247076766648,0.0009628181491420416
2023Q2,PO40,SM1,0.3913719224344542,0.0012062256215202762
2023Q2,PO40,SN3,0.18862439035291093,0.0008096389966834656
2023Q2,PO40,SN8,0.23678609138700646,0.0030357106728842024
2023Q2,PO40,SO14,8.817224869690554,0.04002926693171384
2023Q2,PO40,SO15,8.14949971228568,0.01577930849726163
2023Q2,PO40,SO16,0.8050414252752839,0.004164516496839492
2023Q2,PO40,SO18,0.1569143616932127,0.002082156771534636
2023Q2,PO40,SO21,0.3713849952792505,0.006234965576654958
2023Q2,PO40,SO23,0.6223612686246137,0.002679131057169373
2023Q2,PO40,SO30,0.7768532433504471,0.002702006041247008
2023Q2,PO40,SO41,5.805978871154264,0.05173593126600447
2023Q2,PO40,SO42,0.6699196075911886,0.036443059763516514
2023Q2,PO40,SO43,0.23384525997642416,0.014992901597242253
2023Q2,PO40,SO45,0.3989251216500835,N/A
2023Q2,PO40,SP1,0.8171667681581255,0.003236759327924702
2023Q2,PO40,SP2,0.13550618166784914,0.0008163199120355412
2023Q2,PO40,SW11,0.0588121588629977,0.00024175855539001397
2023Q2,PO40,SW1V,0.1447398559752398,0.001131690434736995
2023Q2,PO40,SW1W,0.042293446258875836,0.00040073284764614674
2023Q2,PO40,SW7,0.09748543271674943,0.000504782382391638
2023Q2,PO40,TR1,0.2665251372928037,0.0009333476686801836
2023Q2,PO40,TR11,0.5530506097867561,0.00717135292934445
2023Q2,PO40,TW6,0.6666033508941489,0.001999169854774641
2023Q2,PO40,TW9,0.18836516813130946,0.0007276914141087194
2023Q2,PO40,UNKNOWN,1227.2201372313502,0.01839320617336901
2023Q2,PO40,W12,0.2967558115499142,0.0006966646714752406
2023Q2,PO40,W1C,0.1601010072794516,0.0006889305848913055
2023Q2,PO40,W1D,0.5882333223461845,0.001501723800726816
2023Q2,PO40,W1F,0.3582719263451342,0.0016618475967329833
2023Q2,PO40,W1J,0.17862645742666075,0.0008771310463146113
2023Q2,PO40,W1U,0.22447750520958448,0.0012211843493937162
2023Q2,PO40,WC2E,0.3026195969764856,0.0013767981691965982
2023Q2,PO40,WC2H,0.3358804896171444,0.001461241641618766
2023Q2,PO40,WC2N,0.3098599417867338,0.002456903801604809
2023Q3,PO40,BA1,0.30670011229238475,0.0006561008119251058
2023Q3,PO40,BH1,0.18062872562109974,0.0010688833174203446
2023Q3,PO40,BH12,0.12028358017173472,0.00040307705715506497
2023Q3,PO40,BH19,0.5576853243350447,0.018361866058910385
2023Q3,PO40,BH2,0.2946418096392677,0.003380861771561602
2023Q3,PO40,BH20,0.2747174533651401,0.005808627938643079
2023Q3,PO40,BH21,0.2872584456722738,0.0025070374238910613
2023Q3,PO40,BH22,0.2427213863919507,0.00198508106455637
2023Q3,PO40,BH24,0.8263423409330881,0.008123039172752864
2023Q3,PO40,BH25,0.3277239283339944,0.008764847069656915
2023Q3,PO40,BH8,0.4798516176248764,0.0018370656370922211
2023Q3,PO40,BH9,0.11744107443141505,0.0019139291904718687
2023Q3,PO40,BN1,0.6875735347519789,0.0009379574787667064
2023Q3,PO40,BN18,0.12765800544143194,0.0049323876396085405
2023Q3,PO40,BS1,0.6441135884958965,0.0009614188653335967
2023Q3,PO40,CV34,0.14284932149700832,0.0007185521949421593
2023Q3,PO40,DT1,0.19518539416861733,0.0010760910085086124
2023Q3,PO40,DT4,0.5700832974854326,0.0034935600738927645
2023Q3,PO40,DT6,0.3098286563461957,0.003231671832836785
2023Q3,PO40,E1,0.2660826717766219,0.0005430361129585316
2023Q3,PO40,EX14,0.3030799398872606,0.00331266350920898
2023Q3,PO40,EX4,0.44501751426001546,0.0012982409288264767
2023Q3,PO40,GU1,0.4998564221746733,0.0009486663850724526
2023Q3,PO40,GU21,0.12981223148991322,0.0004794788913068877
2023Q3,PO40,GU34,0.10111454381917014,0.0007744518423167838
2023Q3,PO40,GU51,0.2384710358274161,0.0019178403430581128
2023Q3,PO40,N1,0.7025279753291954,0.0017312741225313636
2023Q3,PO40,NP20,16.326450163969227,0.04728237864087821
2023Q3,PO40,NW1,0.13682017017044976,0.0003005350550277304
2023Q3,PO40,OX1,0.18775733671514044,0.0005471367035039773
2023Q3,PO40,OX26,0.29593792074727504,0.0007166727652042862
2023Q3,PO40,PL27,0.2418722101487734,0.0027485646958133737
2023Q3,PO40,PO1,9.620804817957842,0.02407921095374889
2023Q3,PO40,PO12,0.11914389626641785,0.0009377534224935107
2023Q3,PO40,PO18,0.054888070749789096,0.002824817983925077
2023Q3,PO40,PO19,0.4366777096822851,0.0012061373225703445
2023Q3,PO40,PO3,0.33415979038754834,0.0018527941210837332
2023Q3,PO40,PO30,266.22148527628946,1.088941189364495
2023Q3,PO40,PO31,36.8732302776024,0.8706798336753497
2023Q3,PO40,PO33,16.943711905786127,0.6661967999124992
2023Q3,PO40,PO34,0.19897093247372855,0.3103714208707299
2023Q3,PO40,PO35,0.8256898160304361,0.4885214966778714
2023Q3,PO40,PO36,11.995584283535475,0.3068416164020613
2023Q3,PO40,PO37,3.061566394967513,0.3118564166283068
2023Q3,PO40,PO38,14.792306016301948,1.0385574473603272
2023Q3,PO40,PO39,62.3664217836053,N/A
2023Q3,PO40,PO41,55.80171287786946,20.013065675697977
2023Q3,PO40,PO6,0.1509343732017855,0.0006755263383838724
2023Q3,PO40,PO9,0.1815404727453533,0.0007160629866328598
2023Q3,PO40,RG1,0.7653223238378296,0.0013402153765120135
2023Q3,PO40,RH10,0.16091442873344244,0.00029923519081866856
2023Q3,PO40,SE1,0.8124337279395742,0.0010748876396380887
2023Q3,PO40,SL4,0.4881467287161237,0.002265890132890389
2023Q3,PO40,SN3,0.1598194383146086,0.0006859985044641276
2023Q3,PO40,SO14,5.918195277015816,0.026867979664670662
2023Q3,PO40,SO15,5.14699575970547,0.009965769285696622
2023Q3,PO40,SO16,0.5109046520332743,0.002642933375729148
2023Q3,PO40,SO18,0.3616373458773052,0.004798704468048792
2023Q3,PO40,SO21,0.11441979474516333,0.0019209270449593672
2023Q3,PO40,SO23,0.59071828019464,0.002542914815384689
2023Q3,PO40,SO31,0.20041453208712992,0.0018099274683897734
2023Q3,PO40,SO41,5.297188221031637,0.04720219824911237
2023Q3,PO40,SO42,0.3580931523992022,0.01947996447023504
2023Q3,PO40,SO43,0.11032140203467096,0.00707321553125507
2023Q3,PO40,SO50,0.19491276390107093,0.001021188104682811
2023Q3,PO40,SP1,0.2522813231506673,0.0009992745150535756
2023Q3,PO40,SW19,0.2450767331296055,0.0005646463445249807
2023Q3,PO40,SW3,0.18049464516165076,0.0006619860983724577
2023Q3,PO40,SW7,0.12048470086090825,0.0006238732562128084
2023Q3,PO40,TA24,0.5690508779476751,0.007222647899823373
2023Q3,PO40,TR11,0.32791611032587137,0.004252055990447964
2023Q3,PO40,TW6,0.1548361145717526,0.00046435964095751034
2023Q3,PO40,UNKNOWN,942.5824628569193,0.014127142351039281
2023Q3,PO40,W11,0.10470790013240444,0.0007848882257706821
2023Q3,PO40,W12,0.19122555126622232,0.00044892157344708633
2023Q3,PO40,W1D,0.4258037844209679,0.0010870510955654387
2023Q3,PO40,W2,0.1644139287250624,0.0006229749409901589
